{"_id":{"$oid":"67fc6142a88a369764f15b7f"},"Title":"Parasite","Description":"Broke people secretly live in the home of rich people.","Genre":{"Name":"Thriller","Description":"Spooky movies."},"Director":{"Name":"Bong Joon Ho","Bio":"South Korean director known for sharp social thrillers and genre-bending films.","Birth":"1969"},"ImagePath":"parasite.png","Featured":true}
{"_id":{"$oid":"67fc6480a88a369764f15b81"},"Title":"Mother","Description":"A devoted mother becomes a fugitive to protect a girl abused by her family in this gripping drama.","Genre":{"Name":"Horror","Description":"Terrifying things."},"Director":{"Name":"Bong Joon Ho","Bio":"South Korean director known for sharp social thrillers and genre-bending films.","Birth":"1969"},"ImagePath":"mother.png","Featured":false}
{"_id":{"$oid":"699276da666e8890edafa9dc"},"Title":"Past Lives","Description":"Two childhood friends reconnect years later and confront love, timing, and what might have been.","Genre":{"Name":"Romance","Description":"Lovey dovey."},"Director":{"Name":"Celine Song","Bio":"She makes romance movies.","Birth":"1988"},"ImagePath":"pastlives.png","Featured":true}
{"_id":{"$oid":"699276f0666e8890edafa9de"},"Title":"Sympathy for Mr. Vengeance","Description":"A desperate plan spirals into revenge and tragedy.","Genre":{"Name":"Horror","Description":"Terrifying things."},"Director":{"Name":"Park Chan-wook","Bio":"He makes horror and romance films.","Birth":"1963"},"ImagePath":"sympathyforMrVengeance.png","Featured":false}
{"_id":{"$oid":"699276f3666e8890edafa9df"},"Title":"Burning","Description":"A slow-burn mystery where a friendship turns unsettling after a disappearance.","Genre":{"Name":"Suspense","Description":"Puts you on the edge of your seat."},"Director":{"Name":"Lee Chang-Dong","Bio":"He does suspense films.","Birth":"1954"},"ImagePath":"burning.png","Featured":true}
{"_id":{"$oid":"699276f8666e8890edafa9e0"},"Title":"The Handmaiden","Description":"A con-artist’s scheme collides with desire and betrayal.","Genre":{"Name":"Romance","Description":"Lovey dovey."},"Director":{"Name":"Park Chan-wook","Bio":"He makes horror and romance films.","Birth":"1963"},"ImagePath":"thehandmaiden.png","Featured":true}
{"_id":{"$oid":"699276fd666e8890edafa9e1"},"Title":"Castaway in the Moon","Description":"A man stranded on an island forms an unlikely connection.","Genre":{"Name":"Romance","Description":"Lovey dovey."},"Director":{"Name":"Lee Hae-jun","Bio":"She makes lovey dovey movies.","Birth":"1973"},"ImagePath":"castawayonthemoon.png","Featured":false}
{"_id":{"$oid":"69927701666e8890edafa9e2"},"Title":"1987: When the Day Comes","Description":"A death under interrogation sparks national outrage.","Genre":{"Name":"Drama","Description":"All the tea."},"Director":{"Name":"Jung Sung ho","Bio":"He is a family man and makes family movies.","Birth":"1974"},"ImagePath":"1987.png","Featured":false}
{"_id":{"$oid":"69927706666e8890edafa9e3"},"Title":"Marathon","Description":"A young autistic runner and his mother train for a marathon.","Genre":{"Name":"Drama","Description":"All the tea."},"Director":{"Name":"Yoon-Chul Jung","Bio":"He makes juicy drama films.","Birth":"1971"},"ImagePath":"marathon.png","Featured":false}
{"_id":{"$oid":"6992770a666e8890edafa9e4"},"Title":"Moonlit Winter","Description":"A mother and daughter confront a long-buried love and regret.","Genre":{"Name":"Romance","Description":"Lovey dovey."},"Director":{"Name":"Dae Hyung Lim","Bio":"He makes some swoon-worthy movies.","Birth":"1986"},"ImagePath":"moonlitwinter.png","Featured":false}
