{"_id":{"$oid":"699278d5666e8890edafa9e5"},"Username":"Saika","Password":"Saika2026","Email":"saika@example.com","Birthday":{"$date":"1992-01-02T00:00:00Z"},"FavoriteMovies":[{"$oid":"67fc6142a88a369764f15b7f"},{"$oid":"699276f8666e8890edafa9e0"},{"$oid":"699276da666e8890edafa9dc"}]}
{"_id":{"$oid":"699278e1666e8890edafa9e6"},"Username":"Tobias","Password":"Tobi2026","Email":"tobias@example.com","Birthday":{"$date":"2023-03-29T00:00:00Z"},"FavoriteMovies":[{"$oid":"67fc6480a88a369764f15b81"}]}
{"_id":{"$oid":"699278e8666e8890edafa9e7"},"Username":"Reii","Password":"Reii2026","Email":"reii@example.com","Birthday":{"$date":"1992-08-18T00:00:00Z"},"FavoriteMovies":[{"$oid":"67fc6142a88a369764f15b7f"},{"$oid":"6992770a666e8890edafa9e4"}]}
{"_id":{"$oid":"699278ee666e8890edafa9e8"},"Username":"Gerrica","Password":"Gerrica2026","Email":"gerrica@example.com","Birthday":{"$date":"1993-03-16T00:00:00Z"},"FavoriteMovies":[{"$oid":"699276da666e8890edafa9dc"},{"$oid":"699276fd666e8890edafa9e1"}]}
